iso3,country,WHO_region,income_group,female_smoking_2000,female_smoking_2005,female_smoking_2010,female_smoking_2022,historical_female_smoking,clean_fuel_2020,clean_fuel_urban_2020,clean_fuel_rural_2020,clean_fuel_deficit,rural_clean_fuel_disadvantage,PM25_2019,female_LC_mort_2021,female_LC_YLL_2021,female_LC_DALY_2021,female_LC_incidence_2021,GDP,HDI,SDI,urbanisation,age65,analysis_core_complete,analysis_core_plus_covariates_complete,smoking_adjusted_burden_residual_mortality,smoking_adjusted_burden_residual_YLL,smoking_adjusted_burden_residual_DALY,multiple_exposure_score_equal_weighted
AFG,Afghanistan,Eastern Mediterranean,Low-income,10.5,7.1,4.8,2.0,7.466666666666668,34.6,84.9,16.8,65.4,68.10000000000001,62.48616,1.7232654094696045,57.56581115722656,58.28790011038225,7.033560276031494,356.4962158203125,0.4729999899864197,0.337199998,25.3478620272481,2.35254951873996,True,True,0.3372795609496559,0.2683773746583013,0.2736450747055969,1.06884161007368
AGO,Angola,African,Lower-middle-income,,,,,,49.4,76.4,8.1,50.6,68.30000000000001,27.16477,0.8044400215148926,23.3895206451416,23.92472280133123,5.130019664764404,1925.8746337890625,0.5899999737739563,0.453721949,68.2524163556969,2.74470411565894,False,False,,,,
ALB,Albania,European,Upper-middle-income,11.1,9.6,8.4,6.0,9.7,83.4,94.2,67.4,16.599999999999994,26.8,16.27997,15.06342887878418,345.5658874511719,350.1336243241864,11.389755249023438,6413.28271484375,0.7850000262260437,0.706849791,57.5077187031778,15.2660050732804,True,True,-0.2019713895493242,-0.170526482933574,-0.169612296524535,-0.3619642255130218
AND,Andorra,European,High-income,28.5,30.3,32.2,37.9,30.33333333333333,100.0,100.0,100.0,0.0,0.0,8.52423,9.249778747558594,207.4903717041016,210.417427921146,6.565990924835205,42425.69921875,,0.869444113,88.6627318165299,14.5979952401309,True,False,-0.9840524831676408,-1.0834127859795233,-1.0808617561680929,0.3288253304008664
ARE,United Arab Emirates,Eastern Mediterranean,High-income,4.0,3.6,3.2,2.6,3.6,100.0,100.0,100.0,0.0,0.0,41.7495,1.7312151193618774,45.9839096069336,47.14948348186034,19.88404655456543,43360.01953125,,0.849317734,85.3571908511355,1.61923304492939,True,False,-0.0459190178696838,-0.0310282019710102,-0.0311630764081328,-0.00065493992890523
ARG,Argentina,Americas,Upper-middle-income,28.5,25.9,23.7,19.1,26.03333333333333,99.9,99.9,97.8,0.0999999999999943,2.1000000000000085,12.04087,15.430620193481444,329.0475769042969,333.05064436047473,12.811395645141602,10738.017578125,0.843999981880188,0.723122973,92.0292776175651,11.9186207827562,True,True,-0.2253259826954922,-0.2466347580740529,-0.2476996833479852,-0.1904783358698928
ARM,Armenia,European,Upper-middle-income,2.6,2.3,2.0,1.5,2.3000000000000003,98.5,99.7,96.7,1.5,3.0,34.12674,16.218360900878906,359.1128845214844,362.264589630226,8.2742338180542,4685.18017578125,0.7739999890327454,0.701833194,65.3572875314441,12.600194715032,True,True,0.2356085383902847,0.2569001329403522,0.2527069212756172,-0.20801973844903
ATG,Antigua and Barbuda,Americas,High-income,,,,,,100.0,100.0,100.0,0.0,0.0,8.29693,3.184689283370972,87.60582733154297,89.46350546843446,5.770509719848633,17348.6015625,,0.749886887,24.574983819566,10.2789418401932,False,False,,,,
AUS,Australia,Western Pacific,High-income,22.5,19.0,16.2,10.9,19.23333333333333,100.0,100.0,100.0,0.0,0.0,8.93323,28.83560371398925,551.964111328125,563.6549590409098,24.255313873291016,60607.77734375,0.9490000009536744,0.844252814,87.2353407632761,16.7491873637801,True,True,-0.2693033442922362,-0.3396340649578381,-0.3310879405790531,-0.5311170048814494
AUT,Austria,European,High-income,47.1,40.5,34.6,24.0,40.73333333333333,100.0,100.0,100.0,0.0,0.0,11.50796,39.77345275878906,831.4525756835938,843.9466719241072,23.01952743530273,53648.71875,0.9200000166893004,0.853837004,68.773601700253,19.462852720957,True,True,0.1315246952747699,0.1709283940011526,0.1717285059183774,-0.0464608090293342
AZE,Azerbaijan,European,Upper-middle-income,0.3,0.3,0.2,0.1,0.2666666666666666,98.4,99.6,96.8,1.5999999999999943,2.799999999999997,24.64286,5.006974220275879,134.05526733398438,135.5925174974279,5.761500358581543,5408.04541015625,0.7379999756813049,0.694851274,58.3659969744818,7.14668283701474,True,True,0.0857367453663652,0.0597606817512119,0.0612794260682712,-0.4828153611082805
BDI,Burundi,African,Low-income,3.8,3.2,2.7,1.8,3.233333333333333,0.1,0.1,0.1,99.9,0.0,27.99587,1.2635455131530762,38.738426208496094,38.99251242220458,2.564378023147583,214.09146118164065,0.4189999997615814,0.289374365,21.1108861865354,2.4618792599411,True,True,0.2781192999342074,0.2330544580377759,0.2353040020773039,0.5322421923992452
BEL,Belgium,European,High-income,23.0,22.6,22.5,22.0,22.7,100.0,100.0,100.0,0.0,0.0,11.25612,34.581539154052734,730.0476684570312,740.9765855126554,22.706762313842773,51658.23828125,0.9380000233650208,0.853654016,87.4305564090635,19.4520520478909,True,True,0.1202409507019867,0.214390822566189,0.2137834963669787,-0.1170199039036515
BEN,Benin,African,Lower-middle-income,1.6,1.5,1.4,1.2,1.5,5.7,9.7,1.8,94.3,7.9,31.51453,0.5707875490188599,16.92435073852539,17.270845961164817,2.947440385818481,1318.651611328125,0.5019999742507935,0.373486574,50.1961807561354,3.04703492033387,True,True,0.0249001667112795,0.0006131047504683677,0.0014935878884,0.548399748875445
BFA,Burkina Faso,African,Low-income,6.6,5.2,4.2,2.5,5.333333333333333,13.5,39.7,2.6,86.5,37.1,40.74491,1.633296012878418,49.75926208496094,50.028185769208086,2.549367427825928,895.5352783203125,0.4449999928474426,0.285118402,26.8114307743017,2.57917814320124,True,True,0.1060368312572964,0.098492777112244,0.0983058371722467,0.7449751102309463
BGD,Bangladesh,South-East Asia,Lower-middle-income,5.5,3.1,1.8,0.5,3.466666666666667,24.6,59.5,8.1,75.4,51.4,45.98906,3.56744647026062,105.38642120361328,106.00238227025892,2.9832639694213867,2482.84912109375,0.6620000004768372,0.492420885,31.3992156886061,5.97381333056883,True,True,0.0096720955036605,0.0116297396076305,0.011885627668053,0.7088119019016531
BGR,Bulgaria,European,High-income,35.7,36.0,36.6,38.7,36.1,,,,,,17.29031,25.14421272277832,595.5977172851562,603.2601140580666,15.643854141235352,12972.2177734375,0.7960000038146973,0.768150939,73.346765618041,21.7032217425472,False,False,-0.6594396269665531,-0.5172829176720025,-0.5174188765501851,
BHR,Bahrain,Eastern Mediterranean,High-income,7.5,6.7,6.1,5.1,6.766666666666666,100.0,100.0,100.0,0.0,0.0,51.81722,4.158347129821777,109.3041000366211,110.9841967316143,11.856093406677246,27147.80859375,,0.753043204,100.0,3.46416063514661,True,False,-0.064899464411724,-0.0173710117847263,-0.0178286794252928,0.3246695369148929
BHS,Bahamas,Americas,High-income,4.8,4.0,3.3,2.1,4.033333333333334,100.0,100.0,100.0,0.0,0.0,5.19903,5.285394191741943,129.78656005859375,131.9948452544467,7.755765438079834,30367.861328125,,0.805020668,81.4784235345083,11.0919512681237,True,False,-0.4995089745217766,-0.4382703439698522,-0.4390897483735319,-0.9054262601290354
BIH,Bosnia and Herzegovina,European,Upper-middle-income,34.8,33.5,32.5,30.9,33.6,40.2,59.6,13.4,59.8,46.2,26.19402,27.486019134521484,650.7081298828125,658.1882187792811,16.441434860229492,7295.34375,0.7760000228881836,0.723077893,50.4899479477034,20.6776926615011,True,True,-0.342721231742829,-0.1696970207446746,-0.1727149950350043,1.0674990104367248
BLR,Belarus,European,Upper-middle-income,11.8,11.7,11.6,11.3,11.7,99.7,99.9,99.1,0.2999999999999971,0.8000000000000114,15.48201,9.02685260772705,200.91603088378903,203.6233565993888,5.530410289764404,7489.71875,0.8009999990463257,0.784484711,78.131086803694,16.0697691637937,True,True,-0.6552659476174084,-0.7242690239946407,-0.7215368280002129,-0.3563255018014692
BLZ,Belize,Americas,Upper-middle-income,3.2,2.8,2.5,1.9,2.833333333333333,83.2,95.2,74.3,16.799999999999997,20.90000000000001,10.50946,2.9317843914031982,81.62040710449219,82.76714083351249,6.684662342071533,6122.61181640625,0.6980000138282776,0.610229002,42.3910809205294,4.59849777347213,True,True,0.1066369503843834,0.1115373761836221,0.1118497073395022,-0.6325702784861132
BOL,Bolivia (Plurinational State of),Americas,Lower-middle-income,29.2,18.4,11.8,4.2,19.8,87.5,99.1,63.0,12.5,36.1,25.23416,3.989597797393799,101.69656372070312,103.37945534413218,10.48718547821045,3384.844970703125,0.6909999847412109,0.599010799,70.3450412826165,5.5207644538141,True,True,-0.1072860511948212,-0.1843641660627218,-0.1802974135610668,-0.2389032295065293
BRA,Brazil,Americas,Upper-middle-income,18.3,15.4,13.1,8.9,15.6,96.45,99.0,81.2,3.549999999999997,17.799999999999997,10.94008,12.557271003723145,286.3226623535156,289.539564149974,11.328213691711426,7972.53662109375,0.7559999823570251,0.653043887,87.1360781715439,9.91109990998152,True,True,-0.0257335681557246,0.0158604874659978,0.0137984948675858,-0.5150242712988334
BRB,Barbados,Americas,High-income,3.7,3.1,2.6,1.7,3.1333333333333333,100.0,100.0,100.0,0.0,0.0,9.78987,12.615375518798828,250.0895843505859,252.56379789850783,5.936363697052002,18696.78515625,0.8029999732971191,0.746748764,59.3220365433819,15.2621067424193,True,True,-0.3785627953914179,-0.3621081584416066,-0.3676140719743723,-0.8066950259445423
BRN,Brunei Darussalam,Western Pacific,High-income,5.1,4.2,3.4,2.2,4.233333333333333,100.0,100.0,100.0,0.0,0.0,6.86475,13.679767608642578,321.7373962402344,326.28210660053185,22.94931030273437,31006.962890625,,0.810234367,74.7667316936175,5.92302098310792,True,False,0.099479576018395,0.2070401150112501,0.204954488840479,-0.8617053188216444
BTN,Bhutan,South-East Asia,Lower-middle-income,11.9,8.3,5.9,2.6,8.700000000000001,88.3,97.8,81.9,11.700000000000005,15.899999999999991,26.09506,6.550197124481201,190.94960021972656,191.67450620134355,3.565297842025757,3570.612548828125,0.6769999861717224,0.473062378,40.3075199874379,6.12663882446322,True,True,0.0463227729827176,0.124697087415339,0.1212007864458706,-0.2766724353932406
BWA,Botswana,African,Upper-middle-income,9.9,7.8,6.2,3.5,7.966666666666666,65.1,85.9,26.7,34.900000000000006,59.2,12.8184,1.1814955472946167,34.19679641723633,35.30298518822092,8.137185096740723,7807.88818359375,0.6800000071525574,0.642721629,66.5182767068255,3.86903194145347,True,True,-0.2964124962026056,-0.286705179219512,-0.2862991947691004,-0.3630764730208558
CAF,Central African Republic,African,Low-income,,,,,,0.8,1.7,0.0,99.2,1.7,27.19802,0.6284513473510742,17.46633529663086,17.83142954787068,3.656106472015381,492.2631530761719,0.3869999945163727,0.30916769,42.8547782897949,2.22176796228556,False,False,,,,
CAN,Canada,Americas,High-income,26.8,21.2,17.0,9.7,21.666666666666668,100.0,100.0,100.0,0.0,0.0,6.38944,49.90150451660156,945.0972900390624,963.1437379584617,33.99897003173828,52886.66015625,0.9340000152587892,0.87317068,82.1779279079275,18.4822592321013,True,True,1.048949212133635,1.0146080378652198,1.0217233257261802,-0.6316265392211541
CHE,Switzerland,European,High-income,23.6,23.6,23.3,22.9,23.5,100.0,100.0,100.0,0.0,0.0,8.96682,32.16400146484375,638.639404296875,650.0646619022291,22.04412078857422,93664.7734375,0.9649999737739564,0.933059111,84.2006477608879,18.9280297681521,True,True,-0.0459807036170692,-0.0803007275293159,-0.0758424657182433,-0.1436841113911441
CHL,Chile,Americas,High-income,42.5,38.2,34.3,26.7,38.333333333333336,100.0,100.0,100.0,0.0,0.0,20.48648,16.295358657836914,308.1735534667969,312.1087226605914,11.290746688842772,16206.8330078125,0.8560000061988831,0.771514716,88.4660511664452,12.9564336220791,True,True,-0.4959011823549995,-0.664100293556242,-0.6636392033788819,0.2588252318315059
CHN,China,Western Pacific,Upper-middle-income,3.2,2.7,2.3,1.6,2.733333333333333,83.8,93.3,68.7,16.200000000000003,24.59999999999999,38.153,38.2402229309082,842.542236328125,852.9117157672569,28.16343307495117,12887.435546875,0.7850000262260437,0.72162976,64.721076965332,13.2057410345267,True,True,0.9737583431131313,1.2703757864762033,1.2610756790045743,0.0245060534712007
CIV,Côte d'Ivoire,African,Lower-middle-income,1.2,1.0,0.8,0.5,1.0,36.9,64.6,5.3,63.1,59.3,40.41493,0.5245752930641174,15.801276206970217,16.004490663468168,2.163170337677002,2455.981201171875,0.5299999713897705,0.425941883,52.3183461956059,2.50752060498244,True,True,0.010212653047464,0.0002643859317936308,-0.0002315614237121573,0.4633291711135558
CMR,Cameroon,African,Lower-middle-income,1.3,0.9,0.7,0.3,0.9666666666666668,27.4,46.4,4.3,72.6,42.1,56.36692,0.9084367752075196,25.336105346679688,25.740482985575195,3.969704151153565,1672.3265380859375,0.5809999704360962,0.479691223,54.5548664463635,2.76610261605669,True,True,0.0509176380791498,0.0393546336906373,0.0396094848148903,0.9296573329164214
COD,Democratic Republic of the Congo,African,Low-income,1.8,1.4,1.1,0.6,1.4333333333333336,4.4,9.8,0.6,95.6,9.2,31.57858,0.7599872350692749,20.978715896606445,21.405538391326196,3.853737354278565,558.0340576171875,0.4749999940395355,0.383179849,43.6290681792218,3.07362816575775,True,True,0.1248410221250939,0.0829270555561948,0.0851111029244051,0.5422477050312561
COG,Congo,African,Lower-middle-income,2.7,2.0,1.6,0.9,2.1,35.4,49.8,4.2,64.6,45.6,29.48397,0.5786452889442444,19.395034790039062,20.262760923933552,7.5115251541137695,2516.16259765625,0.5979999899864197,0.583075236,63.6179125824196,2.79756246538846,True,True,-0.030354549240269,-0.0372245313723741,-0.0357206183092203,0.223858160667583
COK,Cook Islands,Western Pacific,,33.2,30.3,27.4,22.2,30.3,76.1,97.9,19.6,23.90000000000001,78.30000000000001,7.80121,15.27880573272705,356.2694396972656,359.6155662842824,10.952980995178224,,,0.779109955,,,True,False,,,,0.019080269349775
COL,Colombia,Americas,Upper-middle-income,8.6,7.3,6.2,4.4,7.366666666666666,90.9,99.0,60.9,9.099999999999994,38.1,14.03552,7.445199966430664,156.31385803222656,158.6149096763258,8.33867073059082,6222.62158203125,0.7519999742507935,0.655442913,77.8339570326128,8.71354982025291,True,True,-0.0595753072492474,-0.0962099705610816,-0.0952499372605201,-0.5351301420176654
COM,Comoros,African,Lower-middle-income,13.5,8.8,5.7,2.1,9.333333333333334,8.3,16.55,4.4,91.7,12.15,14.3724,0.9044564962387084,25.93172073364257,26.563828802583863,4.386782169342041,1587.7298583984375,0.5849999785423279,0.475978688,32.4124444313246,4.45565096443363,True,True,-0.2156095454856217,-0.2520727904358025,-0.2503951817473792,0.1373713231515276
CPV,Cabo Verde,African,Upper-middle-income,4.9,4.3,3.7,2.7,4.3,81.0,94.3,51.0,19.0,43.3,31.08072,4.489012241363525,86.73439025878906,88.55464280649502,9.17820644378662,3971.444091796875,0.6499999761581421,0.533534539,74.1607930892827,6.13617755961978,True,True,-0.1761361645370976,-0.1914364165367493,-0.1907560752458676,-0.0869736244560935
CRI,Costa Rica,Americas,High-income,9.5,8.0,6.8,4.5,8.1,95.9,98.2,88.4,4.099999999999994,9.799999999999995,14.69544,5.184364318847656,111.79977416992188,113.53717498876368,5.466163158416748,12838.1181640625,0.8040000200271606,0.700340477,77.9868940200009,10.8653726911381,True,True,-0.4570551096826897,-0.4807248955981353,-0.4802870805938461,-0.5605615891646106
CUB,Cuba,Americas,Upper-middle-income,29.7,22.9,17.7,9.5,23.433333333333337,94.7,97.0,89.7,5.299999999999997,7.299999999999997,13.31979,36.49993896484375,760.8265991210938,770.1218581864084,22.55362701416016,9605.26171875,0.7419999837875366,0.668729864,77.0987701416016,15.7445780469879,True,True,0.6826483066124798,0.7938466915472133,0.7869655695121089,-0.4221905455018899
CYP,Cyprus,European,High-income,21.1,21.7,22.0,23.9,21.6,100.0,100.0,100.0,0.0,0.0,14.51621,14.76042652130127,288.02056884765625,292.3806010727473,10.364928245544434,33734.03515625,,0.835630545,66.6718365394971,13.8514250837978,True,False,-0.4548373065028295,-0.5914553845262897,-0.5894971957593277,0.0234578549503546
CZE,Czechia,European,High-income,28.4,27.8,27.4,26.5,27.866666666666664,100.0,100.0,100.0,0.0,0.0,14.34125,34.687931060791016,695.2521362304688,705.7858664235174,20.53362274169922,27696.462890625,0.890999972820282,0.828450433,72.6810594374316,20.5371541683077,True,True,0.0205964192944278,-0.0260563309126375,-0.0247287870471712,0.1029708465774836
DEU,Germany,European,High-income,31.6,28.3,25.3,19.3,28.4,100.0,100.0,100.0,0.0,0.0,10.73096,43.45861053466797,895.8912963867188,910.5653129211546,25.003522872924805,52265.65234375,0.9480000138282776,0.902957091,81.6325870653934,22.1345373657439,True,True,0.3021178399586846,0.3809912441077576,0.3838770954138418,-0.2167769204554808
DJI,Djibouti,Eastern Mediterranean,Lower-middle-income,,,,,,9.7,11.9,0.2,90.3,11.7,19.98484,1.6016274690628052,43.55792236328125,44.33742404860159,4.905293941497803,3025.911376953125,0.5120000243186951,0.487958371,72.2882954556515,4.54105603755815,False,False,,,,
DMA,Dominica,Americas,Upper-middle-income,,,,,,87.7,96.1,78.8,12.299999999999995,17.299999999999997,8.22238,11.73472785949707,274.13116455078125,276.86712714084626,9.946171760559082,8376.404296875,,0.746967185,72.2613620044042,12.4110889556858,False,False,,,,
DNK,Denmark,European,High-income,34.7,29.1,24.4,16.1,29.4,100.0,100.0,100.0,0.0,0.0,9.65653,66.5417251586914,1242.6527099609375,1262.2191114900104,37.91367721557617,69727.984375,0.9470000267028807,0.896424204,88.2616449318149,20.2481262517018,True,True,1.7125517312645937,1.5337583440772224,1.5338134257055478,-0.3459975085780705
DOM,Dominican Republic,Americas,Upper-middle-income,15.0,12.0,9.6,5.8,12.2,92.3,96.4,76.7,7.700000000000003,19.700000000000003,7.58534,10.56827163696289,245.8771820068359,247.93247576177504,9.20030403137207,8527.0751953125,0.7559999823570251,0.619388201,72.9243347395035,7.02934527971945,True,True,0.1519021839628899,0.193654851560984,0.1894863821705706,-0.6593654999333542
DZA,Algeria,African,Upper-middle-income,1.8,1.4,1.0,0.6,1.4,99.7,99.9,98.9,0.2999999999999971,1.0,22.68313,2.655426025390625,72.21320343017578,72.69834992663829,2.4630491733551025,4160.55908203125,0.7400000095367432,0.659500924,73.6199218261573,6.0140413442485,True,True,-0.2294265707992663,-0.1730577654807412,-0.1760120828346025,-0.5259753435873932
ECU,Ecuador,Americas,Upper-middle-income,6.2,5.1,4.2,2.6,5.166666666666667,94.6,99.0,86.0,5.400000000000006,13.0,16.54855,4.066473960876465,89.53636169433594,90.97942239572782,6.521341323852539,6061.32373046875,0.7459999918937683,0.661017053,63.0871268249117,7.67036612479336,True,True,-0.1246954746132521,-0.1645039137099704,-0.1631799976006661,-0.5650991145530405
EGY,Egypt,Eastern Mediterranean,Lower-middle-income,0.9,0.7,0.6,0.4,0.7333333333333334,99.9,99.9,99.9,0.0999999999999943,0.0,63.15743,3.043804168701172,82.90209197998047,84.1532531654936,7.724018573760986,3827.354248046875,0.7260000109672546,0.606787094,42.5686062621468,4.74091190346445,True,True,0.0608010246915421,0.0803366218069022,0.0816539699934807,0.449856672420579
ERI,Eritrea,African,Low-income,,,,,,11.7,25.4,1.0,88.3,24.4,22.74486,1.6311657428741455,42.66845703125,43.299009918009865,4.527814865112305,688.681640625,0.4900000095367432,0.403863943,34.9871139526367,4.10061181732461,False,False,,,,
ESP,Spain,European,High-income,27.6,27.6,27.6,27.5,27.600000000000005,100.0,100.0,100.0,0.0,0.0,9.3416,23.97655296325684,532.022216796875,538.9146015223034,13.318222999572754,30799.478515625,0.9039999842643738,0.769283698,79.7846242983598,19.8133822943511,True,True,-0.5259172490100831,-0.4604841100311262,-0.4620219345611748,0.013630905299204
EST,Estonia,European,High-income,27.3,25.8,24.5,21.5,25.866666666666664,100.0,100.0,100.0,0.0,0.0,6.35007,24.21798324584961,453.3100280761719,459.0431579746854,10.081650733947754,27953.767578125,0.8899999856948853,0.844917787,70.1777274135822,20.4337977975588,True,True,-0.528810725080654,-0.7056539210568143,-0.7069036887561555,-0.2524111471373975
ETH,Ethiopia,African,,0.8,0.8,0.8,0.9,0.8000000000000002,6.2,22.8,0.3,93.8,22.5,21.80471,1.870569467544556,55.36110305786133,55.66451340798002,2.581786155700684,910.9478759765624,0.4889999926090241,0.358823295,22.1067085266113,3.0936119750557,True,True,0.1426791964438288,0.1589049912695745,0.1579577018031935,0.2981868305669533
FIN,Finland,European,High-income,23.8,21.8,19.8,15.9,21.8,100.0,100.0,100.0,0.0,0.0,5.46669,33.45931625366211,611.2110595703125,622.2950413727868,17.839601516723633,53099.13671875,0.9409999847412108,0.859831368,73.3710215780329,22.8749565743109,True,True,-0.2234668261580739,-0.4081823618983124,-0.4027944594587748,-0.4543099224924602
FJI,Fiji,Western Pacific,Upper-middle-income,15.9,15.3,14.5,13.2,15.233333333333334,49.5,67.45,25.9,50.5,41.55,7.36073,4.476085662841797,120.2942886352539,121.54387495018074,6.282656192779541,4696.1708984375,0.7149999737739563,0.675051631,57.6618364761928,6.10366844076268,True,True,-0.4011974105283406,-0.4670323244265449,-0.4649678831976571,-0.0437976345389552
FRA,France,European,High-income,30.1,30.8,31.6,33.7,30.83333333333333,100.0,100.0,100.0,0.0,0.0,10.45709,32.80043029785156,697.621337890625,709.6615956912832,22.367698669433597,43725.1015625,0.906000018119812,0.838364875,78.7364603392338,21.0507539717053,True,True,-0.2221862753473744,-0.1562564841032017,-0.1509090821479438,0.240503849749372
FSM,Micronesia (Federated States of),Western Pacific,Lower-middle-income,,,,,,13.3,33.1,0.3,86.7,32.800000000000004,7.78563,14.531262397766112,381.1107177734375,384.1346175055412,16.22584342956543,3508.2236328125,,0.587534967,22.3928762855411,5.28736970826297,False,False,,,,
GAB,Gabon,African,Upper-middle-income,,,,,,90.0,95.4,47.0,10.0,48.400000000000006,26.28642,1.8312718868255613,54.036598205566406,55.01465586492297,7.558610916137695,8181.4091796875,0.6869999766349792,0.634691393,90.7881967286967,3.99541890048563,False,False,,,,
GBR,The United Kingdom,European,High-income,36.7,28.5,22.4,12.4,29.2,100.0,100.0,100.0,0.0,0.0,9.51575,49.1778678894043,906.9680786132812,923.3417808220732,31.531354904174805,46926.4765625,0.930999994277954,0.859000182,82.9886431523641,18.7186487679579,True,True,0.9128040341967782,0.6895179032135583,0.6971370938259712,-0.4686269987993626
GEO,Georgia,European,Upper-middle-income,5.4,5.8,6.3,7.6,5.833333333333333,89.6,97.3,79.6,10.400000000000006,17.700000000000003,19.06419,8.340560913085938,176.8689422607422,179.42104825963457,6.192600727081299,5083.60693359375,0.8090000152587891,0.732473604,59.4293560618005,14.9888437253115,True,True,-0.4722356634055268,-0.56091963556023,-0.5577354635656394,-0.2981474552792125
GHA,Ghana,African,Lower-middle-income,0.6,0.5,0.4,0.3,0.5,28.3,43.2,10.7,71.7,32.5,46.04334,1.408474683761597,40.68126678466797,40.96439756372123,2.039450168609619,2445.1865234375,0.6000000238418579,0.56493039,56.6952556826536,3.50669069594339,True,True,-0.0169265272837777,0.0019084998171112,0.0004330844739853963,0.6706114465111813
GIN,Guinea,African,Lower-middle-income,,,,,,1.0,2.2,0.1,99.0,2.1,37.57394,1.0810781717300415,40.33590316772461,40.7040615620024,2.8444862365722656,1244.9654541015625,0.4670000076293946,0.336401293,36.8502178436256,3.43128298700421,False,False,,,,
GMB,Gambia,African,Low-income,1.0,0.8,0.7,0.5,0.8333333333333334,1.7,2.4,0.2,98.3,2.2,39.10354,0.4066529273986816,11.336556434631348,11.47324749922064,1.3133505582809448,781.8909301757811,0.4900000095367432,0.40971416,62.7550706637859,2.82128229728966,True,True,0.1006189488835272,0.0566179833008207,0.0580373882783218,0.746119427672412
GNB,Guinea-Bissau,African,Low-income,1.1,0.9,0.7,0.5,0.9,1.0,2.0,0.0,99.0,2.0,34.84998,0.7134567499160767,24.562545776367188,25.02339417317656,3.960088014602661,912.484130859375,0.4819999933242798,0.353109621,44.7334136962891,3.04676197754902,True,True,0.0807579368975358,0.0657841759302367,0.0670752172363859,0.6489591050568096
GNQ,Equatorial Guinea,African,Upper-middle-income,,,,,,23.0,30.2,3.3,77.0,26.9,25.66867,1.5139917135238647,49.084564208984375,50.058037483789,8.077919006347656,6945.630859375,0.6470000147819519,0.657857456,70.6431215020592,3.52077981039768,False,False,,,,
GRC,Greece,European,High-income,44.4,40.5,37.0,30.6,40.63333333333333,100.0,100.0,100.0,0.0,0.0,14.62251,30.95929718017578,623.298095703125,633.1669960462126,18.15542984008789,20654.701171875,0.8870000243186951,0.791854408,78.3884898647442,22.8389533365326,True,True,-0.5476300443941733,-0.6534543138897486,-0.6485919859333985,0.2419030752942244
GRD,Grenada,Americas,Upper-middle-income,,,,,,87.2,94.0,86.7,12.799999999999995,7.299999999999997,10.08384,7.188346862792969,161.58645629882812,163.54447135817583,6.956168174743652,9622.240234375,,0.668993028,36.2831603706908,11.2278521692555,False,False,,,,
GTM,Guatemala,Americas,Upper-middle-income,3.2,2.8,2.4,1.7,2.8000000000000003,43.7,68.4,15.3,56.3,53.10000000000001,20.74787,2.3049473762512207,58.99559783935547,59.79644634586644,5.02072811126709,4912.6220703125,0.6299999952316284,0.539972424,54.9047071553758,4.5768111594693,True,True,0.0974595754142522,0.0626937954270407,0.0635765131067069,-0.036969599225743
GUY,Guyana,Americas,High-income,5.7,4.5,3.6,2.2,4.6,100.0,100.0,100.0,0.0,0.0,11.10584,4.613398551940918,111.7533187866211,112.90550952761446,5.324008464813232,9860.8701171875,0.7210000157356262,0.650812335,26.443303961947,6.08125010729851,True,True,-0.0028044069427365,0.008474381277604,0.0066043497272923,-0.7585904521051313
HND,Honduras,Americas,Lower-middle-income,3.3,2.8,2.4,1.7,2.833333333333333,48.9,72.7,23.3,51.1,49.400000000000006,18.93138,3.072009563446045,84.43437194824219,87.00541520205958,17.85304069519043,2735.1474609375,0.6200000047683716,0.513037248,57.3550236357547,4.0706416641638,True,True,0.2449455767287172,0.2277978505410472,0.2336049339359703,-0.1276204548445727
HRV,Croatia,European,High-income,27.5,29.4,31.6,37.3,29.5,100.0,100.0,100.0,0.0,0.0,15.28803,44.20336532592773,954.0293579101561,967.2425487869652,22.83368682861328,17789.9296875,0.8669999837875366,0.798341027,56.7683502560171,22.1006673274542,True,True,0.443009624078354,0.6280569445459149,0.6253114298104747,0.473944775732883
HTI,Haiti,Americas,Lower-middle-income,5.7,4.7,3.9,2.5,4.766666666666667,4.2,6.4,1.3,95.8,5.1000000000000005,9.69133,4.767031669616699,124.32252502441406,125.33771744550148,6.376661777496338,1835.4439697265625,0.5509999990463257,0.448278285,53.2460637918026,4.48425551488204,True,True,0.3174409876356105,0.3093550767532724,0.3094118255551152,0.073098724163496
HUN,Hungary,European,High-income,31.9,30.8,29.9,28.1,30.866666666666664,100.0,100.0,100.0,0.0,0.0,14.24457,63.453269958496094,1404.475341796875,1420.292747159995,33.486358642578125,19030.62890625,0.8460000157356262,0.790754768,70.2059275331413,20.4050134893418,True,True,1.640048154021008,2.086483475063904,2.0695349124527667,0.1521690653380271
IDN,Indonesia,Western Pacific,Upper-middle-income,6.0,4.7,3.7,2.1,4.8,84.6,93.4,74.4,15.400000000000006,19.0,19.3398,6.389090538024902,159.1232147216797,162.004650841571,12.784750938415527,4287.17333984375,0.7070000171661377,0.656868336,56.8761702464027,6.68701065764471,True,True,-0.1749871222470234,-0.1910395140766294,-0.1870990530626031,-0.4239474869706336
IND,India,South-East Asia,Lower-middle-income,10.2,6.2,3.8,1.2,6.733333333333333,66.5,92.3,51.0,33.5,41.3,50.17359,4.276880264282227,118.44125366210938,119.27418360838436,3.6081125736236577,2239.61376953125,0.6330000162124634,0.575401649,34.4425517181304,6.54579069268807,True,True,-0.0379078187969616,-0.0509635609073273,-0.0501415282430209,0.4585343301379133
IRL,Ireland,European,High-income,36.3,30.4,25.7,17.0,30.8,100.0,100.0,100.0,0.0,0.0,8.19503,33.701786041259766,665.0980834960938,675.9860079439237,26.66094207763672,103961.9765625,0.9459999799728394,0.87375385,63.6774229356985,14.8535759354494,True,True,0.2639684421355266,0.1891748808816132,0.1911586287157555,-0.3525351715527303
IRN,Iran (Islamic Republic of),Eastern Mediterranean,Upper-middle-income,4.9,3.5,2.5,1.1,3.6333333333333337,96.4,98.9,93.5,3.5999999999999943,5.400000000000006,31.61622,8.088703155517578,187.68206787109372,189.0262694783193,6.136744022369385,4334.79248046875,0.7760000228881836,0.697207398,75.9926376342773,7.40518218273343,True,True,0.0611563591493398,0.1053179527308832,0.1022931200521442,-0.2631727628912862
IRQ,Iraq,Eastern Mediterranean,Upper-middle-income,7.1,5.1,3.7,1.7,5.3,99.3,99.6,98.9,0.7000000000000028,0.6999999999999886,39.28878,1.96354341506958,59.43814849853515,60.52888633470897,8.784318923950195,4868.494140625,0.6669999957084656,0.662626231,69.8682708740234,3.38104730072539,True,True,0.021764547932546,0.0118868211992863,0.0143200323275863,-0.0832216328401039
ISL,Iceland,European,High-income,30.3,23.2,17.7,9.4,23.73333333333333,100.0,100.0,100.0,0.0,0.0,5.78865,37.631439208984375,746.5867309570312,763.3672257992549,39.51958465576172,69178.40625,,0.87636168,94.2108206403841,14.8686344991929,True,False,0.634817990428732,0.5979063072680295,0.6134761149977112,-0.6558991281833333
ISR,Israel,European,High-income,23.1,20.4,18.2,13.8,20.566666666666663,100.0,100.0,100.0,0.0,0.0,19.47101,18.566261291503903,332.8817138671875,337.0657564355408,12.93311882019043,52270.90234375,,0.809011652,91.5353517549466,12.1979895950145,True,False,-0.1303366229471241,-0.3391178137738988,-0.3404069152116872,-0.1814766142093452
ITA,Italy,European,High-income,19.2,19.3,19.2,19.1,19.23333333333333,100.0,100.0,100.0,0.0,0.0,14.22481,35.22916030883789,680.3268432617188,691.0333162429898,17.408565521240234,36852.54296875,0.8989999890327454,0.805773534,69.4812507629394,23.6619735523658,True,True,-0.1135534443649352,-0.1862203483134852,-0.1850922896532891,-0.1382735228117555
JAM,Jamaica,Americas,Upper-middle-income,8.8,7.1,5.7,3.5,7.2,92.4,96.6,87.6,7.599999999999994,9.0,14.8314,8.398992538452148,208.2233123779297,210.2018793291604,8.013001441955566,5165.337890625,0.7039999961853027,0.683263064,57.5411017937226,7.31190233999129,True,True,0.1346813405167051,0.1959392106677092,0.1934404168297986,-0.5581853168855756
JOR,Jordan,Eastern Mediterranean,Lower-middle-income,10.2,10.8,11.6,13.6,10.866666666666667,99.7,99.7,99.3,0.2999999999999971,0.4000000000000057,25.87215,3.1302907466888428,85.68888854980469,86.3291971705298,4.675326824188232,4183.5,0.7360000014305115,0.725307227,92.117972910453,4.0065537381953,True,True,-0.0339754764802871,-0.0578010266548364,-0.0568668598454649,-0.0296055363068585
JPN,Japan,Western Pacific,High-income,14.7,13.3,12.0,9.6,13.333333333333334,100.0,100.0,100.0,0.0,0.0,10.83519,43.168067932128906,574.9532470703125,589.8900398274628,15.283975601196287,40094.55859375,0.9200000166893004,0.871241813,91.8741049279527,29.2169970691602,True,True,-0.391548530120443,-1.153387447386238,-1.1362978455869082,-0.526757515568601
KAZ,Kazakhstan,European,Upper-middle-income,9.7,8.8,8.0,6.4,8.833333333333334,94.2,97.8,89.7,5.799999999999997,8.099999999999994,26.50215,6.00728702545166,158.0149383544922,159.53498158373517,5.362188816070557,9983.6005859375,0.8009999990463257,0.725144495,61.030254280267,7.77663023309373,True,True,-0.1067625154319946,-0.1350706327599607,-0.134740980732652,-0.1970900018262199
KEN,Kenya,African,Lower-middle-income,2.6,2.0,1.5,0.8,2.033333333333333,23.05,50.0,7.3,76.95,42.7,12.52415,1.4790135622024536,43.89960479736328,44.18070262900811,2.394894361495972,2061.356201171875,0.5960000157356262,0.523768077,31.2879334021971,2.81860394823365,True,True,0.0393990973462715,0.0557474978272195,0.0542585014932991,-0.0813084737610069
KGZ,Kyrgyzstan,European,Lower-middle-income,5.1,4.5,4.1,3.2,4.566666666666666,78.6,93.7,69.6,21.40000000000001,24.10000000000001,37.58464,4.770656108856201,128.84439086914065,129.73690132127476,4.738872051239014,1349.997314453125,0.6959999799728394,0.603979328,34.7521210171204,5.11075579228056,True,True,0.325866505946751,0.24584692083286,0.248099795301891,0.1087221786382905
KHM,Cambodia,Western Pacific,Lower-middle-income,7.8,5.4,3.8,1.6,5.666666666666667,40.6,73.8,29.3,59.4,44.5,17.80251,8.35769271850586,238.2248992919922,240.4673382761792,11.254450798034668,2167.4033203125,0.5960000157356262,0.473621491,40.1091858128847,5.59471490600897,True,True,0.0866454373980086,0.1775197867033593,0.1766680230537303,-0.084089995512206
KIR,Kiribati,Western Pacific,Lower-middle-income,53.9,45.9,38.9,26.8,46.23333333333333,11.9,19.6,1.7,88.1,17.900000000000002,7.61811,4.836249351501465,130.29383850097656,131.21127967400773,6.326434135437012,2222.04833984375,0.6269999742507935,0.527186583,59.6364645301985,3.9574845961504,True,True,-0.5914332516009005,-0.7933974276161349,-0.788131718067521,0.7367547029837569
KNA,Saint Kitts and Nevis,Americas,High-income,,,,,,100.0,100.0,100.0,0.0,0.0,8.05126,9.16983699798584,212.1939849853516,213.96011806255856,6.150299072265625,18361.14453125,,0.754987055,31.5393525093972,9.86570579304151,False,False,,,,
KOR,Republic of Korea,Western Pacific,High-income,7.2,6.9,6.5,5.8,6.866666666666667,100.0,100.0,100.0,0.0,0.0,24.03774,22.03219223022461,371.2510681152344,380.88502751685706,16.707782745361328,35125.5234375,0.9259999990463256,0.886675267,81.1616526507785,16.6596412164908,True,True,-0.3978204549231614,-0.5920586655043516,-0.5813303781260576,-0.3281885065073691
KWT,Kuwait,Eastern Mediterranean,High-income,5.1,4.1,3.4,2.1,4.2,100.0,100.0,100.0,0.0,0.0,64.07714,2.24697208404541,51.95442199707031,52.53827716460883,3.158461570739746,34018.6328125,0.8360000252723694,0.846651055,100.0,3.42330541720944,True,True,-0.1534314791235818,-0.1553198907243596,-0.156844069962848,0.5260945199464168
LAO,Lao People's Democratic Republic,Western Pacific,Lower-middle-income,20.0,14.3,10.3,4.7,14.866666666666664,8.8,20.2,2.3,91.2,17.9,21.15498,6.513805389404297,195.12408447265625,196.8152048623207,10.87858772277832,2526.051025390625,0.6150000095367432,0.489136091,37.338778268357,4.31806848970176,True,True,-0.0646124831529069,-0.0350862157612876,-0.03469409293174,0.3815752203605178
LBN,Lebanon,Eastern Mediterranean,Lower-middle-income,31.5,29.8,28.5,25.7,29.933333333333337,,,,,,24.234,17.36453628540039,377.34967041015625,380.6053225545575,12.16080093383789,4045.3740234375,0.7250000238418579,0.744746351,89.965362045441,9.3044717570272,False,False,0.0275220380267104,0.0174038421633752,0.0139552169147028,
LBR,Liberia,African,Low-income,4.5,3.4,2.5,1.3,3.466666666666667,0.6,1.0,0.0,99.4,1.0,35.79581,0.8934282660484314,30.0909481048584,30.454672187254488,2.8904848098754883,667.9661254882812,0.4839999973773956,0.352442452,53.9224618859098,3.23290659273066,True,True,0.0691768082392748,0.0422768177764751,0.0438918610317645,0.701305607833605
LBY,Libya,Eastern Mediterranean,Upper-middle-income,,,,,,,,,,,29.83557,2.563326120376587,68.51445770263672,69.5322082671097,5.524086952209473,4935.82763671875,0.7459999918937683,0.725771399,87.8365018271835,4.67219794889404,False,False,,,,
LCA,Saint Lucia,Americas,Upper-middle-income,7.3,5.9,4.8,3.0,6.0,93.5,98.7,92.7,6.5,6.0,8.97661,3.483809471130371,64.93360137939453,66.87997993469186,6.746729850769043,10459.1318359375,0.7170000076293945,0.672509735,27.4443458949551,8.83336507545289,True,True,-0.3277296738704424,-0.3909732997475231,-0.3881154827320112,-0.7264771314568826
LKA,Sri Lanka,South-East Asia,Lower-middle-income,1.7,1.0,0.6,0.2,1.1,32.1,69.9,23.3,67.9,46.60000000000001,23.87759,4.283112049102783,112.7871322631836,114.19281326878097,4.277012348175049,3996.96240234375,,0.701534935,19.8266275195269,11.0456449788576,True,False,-0.3960550114505207,-0.3770904993881471,-0.3759870385465533,0.0944967162270577
LSO,Lesotho,African,Lower-middle-income,0.7,0.6,0.5,0.4,0.6,48.1,84.8,28.6,51.9,56.2,17.59755,2.3962342739105225,57.76904678344727,59.03944770691205,8.5629301071167,1066.58642578125,0.5220000147819519,0.510393066,40.6551760851997,3.78511652668843,True,True,0.1003735575904395,0.0979236409968485,0.0996553800904388,-0.1947819856797553
LTU,Lithuania,European,High-income,20.2,20.1,19.9,19.7,20.066666666666663,100.0,100.0,100.0,0.0,0.0,10.36907,17.863262176513672,335.0138244628906,340.21649178076194,9.07447910308838,23870.458984375,0.875,0.856484049,68.1912117004395,19.9469849122603,True,True,-0.7391339427474076,-0.8960783058513657,-0.8935241547793424,-0.2126884513088021
LUX,Luxembourg,European,High-income,24.6,23.9,23.1,21.6,23.866666666666664,100.0,100.0,100.0,0.0,0.0,8.89471,26.088769912719727,515.3843994140625,523.9764664088369,20.31319046020508,134965.8125,,0.884428955,94.5861743396533,14.7153406197971,True,False,-0.0725127296089465,-0.140481080203676,-0.1387749420478982,-0.1873207657439727
LVA,Latvia,European,High-income,25.8,24.2,22.8,19.5,24.266666666666666,100.0,100.0,100.0,0.0,0.0,12.02183,25.223180770874023,509.0166320800781,514.4790113086455,9.36072826385498,20261.888671875,0.8650000095367432,0.830663516,68.1808791463693,20.8461609037398,True,True,-0.4491931763928106,-0.5153040617796856,-0.5197807094739825,-0.1789480155364603
MAR,Morocco,Eastern Mediterranean,Lower-middle-income,2.9,2.2,1.8,1.0,2.3,98.2,99.3,97.2,1.7999999999999972,2.0999999999999943,13.44048,4.023529052734375,115.48341369628906,115.9931882456921,2.032170295715332,3785.936279296875,0.6880000233650208,0.562698301,62.3173276600289,7.21841629730986,True,True,-0.1169567449125911,-0.0577524767780231,-0.0597939677231897,-0.7243979771712489
MCO,Monaco,European,High-income,,,,,,100.0,100.0,100.0,0.0,0.0,9.21092,155.92454528808594,2433.771240234375,2473.292370584164,56.16730880737305,223823.359375,,0.908262831,100.0,37.3192825810471,False,False,,,,
MDA,Republic of Moldova,European,Upper-middle-income,5.1,5.4,5.8,6.7,5.433333333333334,97.9,99.2,97.6,2.0999999999999943,1.6000000000000083,12.36523,9.561053276062012,249.55474853515625,252.18950116792556,6.455423831939697,5274.60595703125,0.7670000195503235,0.732214875,41.8115425109863,14.6975547316048,True,True,-0.3773445419002986,-0.312151419191986,-0.3125894465392677,-0.5642162618178019
MDG,Madagascar,African,Low-income,2.9,2.4,2.0,1.3,2.433333333333333,1.3,3.4,0.5,98.7,2.9,16.02251,0.9270476698875428,29.070232391357425,29.50427374420004,3.2959306240081787,483.4694519042969,0.4839999973773956,0.400246943,31.1137123216036,3.20730301417432,True,True,0.1223588199938805,0.0901171596648828,0.0921222751162106,0.2142938269295176
MDV,Maldives,South-East Asia,Upper-middle-income,14.7,10.8,7.9,3.8,11.133333333333333,99.6,99.9,99.5,0.4000000000000057,0.4000000000000057,13.00334,4.628878593444824,90.5676727294922,91.31120314968264,4.546177864074707,10176.1435546875,0.753000020980835,0.650886627,40.7398648710483,3.92790129292933,True,True,-0.0221313818856429,-0.127400489709394,-0.1272917398077799,-0.6573313031296567
MEX,Mexico,Americas,Upper-middle-income,12.0,10.6,9.3,6.9,10.633333333333336,85.0,91.5,57.2,15.0,34.3,17.82781,4.202845096588135,96.0142822265625,97.33331951323072,5.293521881103516,10314.05078125,0.7570000290870667,0.664575304,78.9324007418057,7.58575873574664,True,True,-0.2486872786024648,-0.2881588225172354,-0.2875576840288099,-0.3096383061212035
MHL,Marshall Islands,Western Pacific,Upper-middle-income,6.1,5.5,5.0,4.0,5.533333333333334,65.2,86.9,0.7,34.8,86.2,7.21485,10.147055625915527,299.28399658203125,301.43785977443105,14.148110389709473,6258.61181640625,,0.574091128,77.6163157431143,3.86781734232601,True,False,0.2252167554373685,0.4149485448477267,0.4095821774562529,-0.4841021826572432
MKD,North Macedonia,European,Upper-middle-income,,,,,,78.9,92.6,57.9,21.09999999999999,34.7,25.16804,21.319997787475582,545.1759643554688,550.2246408548328,13.131267547607422,7620.802734375,0.7639999985694885,0.750629703,61.6841975628139,16.724393369915,False,False,,,,
MLI,Mali,African,Low-income,2.0,1.6,1.3,0.7,1.6333333333333335,1.2,2.5,0.4,98.8,2.1,38.54882,0.8489264845848083,29.016895294189453,29.30801688650965,3.0962822437286377,1027.2734375,0.4079999923706054,0.268579941,29.7049638253978,2.45371417425465,True,True,0.1146283944110138,0.106018550267963,0.1063150052147142,0.7435457686650132
MLT,Malta,European,High-income,24.5,24.2,23.9,23.2,24.2,100.0,100.0,100.0,0.0,0.0,12.93003,18.38666343688965,386.0259094238281,391.6693417580871,11.565193176269531,38065.35546875,,0.801585034,95.5145343617045,18.7721036316463,True,False,-0.7211653193413284,-0.7664950424986464,-0.7651032575427706,-0.0376600174750642
MMR,Myanmar,South-East Asia,Lower-middle-income,20.8,13.4,8.7,3.1,14.300000000000002,40.1,78.9,24.1,59.9,54.8,27.16498,12.581305503845217,318.8602294921875,321.33955573390807,11.077706336975098,1242.7213134765625,0.5989999771118164,0.53390084,30.2368812529698,6.68644928507264,True,True,0.3630202643112526,0.4423607454211442,0.4399438802100677,0.1963393212301784
MNE,Montenegro,European,Upper-middle-income,36.4,35.5,34.7,33.2,35.53333333333334,61.5,70.5,43.0,38.5,27.5,19.29617,32.58500671386719,775.1729736328125,785.3980985788321,24.615617752075195,9377.4892578125,0.8399999737739563,0.795800584,65.3266031317675,16.9128782703666,True,True,0.2081256872147825,0.4552992087564368,0.4542576329919744,0.7834771869748692
MNG,Mongolia,Western Pacific,Upper-middle-income,7.9,7.6,7.3,6.6,7.6,51.8,69.3,15.7,48.2,53.6,41.30377,4.833837985992432,105.8723602294922,107.41468644823746,8.582304000854492,4517.61572265625,0.7300000190734863,0.617621565,69.2153244018555,4.43492388778066,True,True,-0.1185224486581535,-0.2242826017782,-0.2213217450039884,0.5482694343571249
MOZ,Mozambique,African,Low-income,,,,,,6.1,15.3,0.9,93.9,14.4,16.44818,0.4524462521076202,17.2054500579834,17.55898168988617,3.7631256580352783,509.9078369140625,0.4589999914169311,0.326462614,34.4499259401554,2.79064141946146,False,False,,,,
MRT,Mauritania,African,Lower-middle-income,2.9,2.5,2.1,1.4,2.5,47.5,73.9,19.9,52.5,54.00000000000001,41.98461,0.6264330148696899,19.42868995666504,19.94323089559369,4.591036796569824,1947.7891845703125,0.5379999876022339,0.4989451,57.901535141641,3.22146869996237,True,True,-0.0429664485457944,-0.0582098371013932,-0.0573668049974345,0.4357295530415839
MUS,Mauritius,African,Upper-middle-income,4.8,4.3,3.8,3.0,4.3,99.0,99.4,98.8,1.0,0.6000000000000085,10.48182,9.167779922485352,221.478515625,223.43770734390372,5.549073696136475,9068.97265625,0.7900000214576721,0.718260446,39.077147315722,11.9015085296574,True,True,-0.4921246773705359,-0.3266464384864674,-0.3338259205027872,-0.7390484041006137
MWI,Malawi,African,Low-income,7.7,5.1,3.4,1.3,5.4,1.8,6.8,0.5,98.2,6.3,18.56954,0.6027061343193054,11.40611457824707,11.48856846105311,0.8156013488769531,617.447509765625,0.5090000033378601,0.384553634,16.4881925800694,2.65376192594518,True,True,0.0797587708149857,0.0075282748008385,0.0091447534896921,0.2717507075786732
MYS,Malaysia,Western Pacific,Upper-middle-income,3.3,2.1,1.4,0.5,2.266666666666667,87.55,95.3,82.8,12.450000000000005,12.5,21.52164,6.698809623718262,182.1535797119141,184.4067005746701,10.119098663330078,10903.111328125,0.7979999780654907,0.742523828,75.5088628191907,6.95860588634135,True,True,-0.2400612903785137,-0.1741807685758056,-0.174759240667513,-0.4488204640926196
NAM,Namibia,African,Lower-middle-income,13.6,10.5,8.2,4.6,10.766666666666666,46.9,72.6,13.0,53.1,59.6,11.81074,2.645027637481689,76.84123992919922,77.41950329558755,3.655134916305542,4412.83544921875,0.6159999966621399,0.617564872,49.0571881483796,3.54528788430012,True,True,-0.169708455642217,-0.1371037793635321,-0.1393365533931057,-0.1894351845876632
NER,Niger,African,Low-income,1.6,1.2,1.0,0.6,1.2666666666666666,3.8,18.1,0.4,96.2,17.700000000000003,50.15037,0.0455776564776897,1.097314476966858,1.2779025274710822,1.9181580543518064,608.722412109375,0.3889999985694885,0.168072774,17.2295936666686,2.53705390631186,True,True,0.1228777549459027,0.0665783088953231,0.0685550575479033,0.9991528588860036
NGA,Nigeria,African,Lower-middle-income,0.8,0.7,0.6,0.4,0.7000000000000001,18.9,37.2,6.5,81.1,30.700000000000003,55.64206,0.7902005910873413,21.88107109069824,21.981942810267125,0.9232589602470398,2017.27490234375,0.5419999957084656,0.503390833,60.5698545383604,2.99033900886324,True,True,0.0096722251732015,-0.0004152073622873953,-0.0011416767386604,0.9912421326365316
NIC,Nicaragua,Americas,Lower-middle-income,,,,,,56.8,86.2,9.8,43.2,76.4,16.00181,2.047902584075928,48.21994400024414,48.94625359281852,3.912556409835815,2138.385986328125,0.6650000214576721,0.523958472,58.8592529296875,5.16394845186592,False,False,,,,
NIU,Niue,Western Pacific,,,,,,,98.4,98.3,98.6,1.5999999999999943,-0.2999999999999971,6.74203,31.43937110900879,640.3436889648438,646.357391337767,16.807994842529297,,,0.72622205,,,False,False,,,,
NLD,Netherlands (Kingdom of the),European,High-income,31.8,28.0,25.1,19.0,28.3,100.0,100.0,100.0,0.0,0.0,10.7416,55.32342147827149,1158.479736328125,1174.9121729859976,32.6429443359375,60141.98828125,0.9409999847412108,0.888464256,94.6294783220315,19.6618088308361,True,True,1.1653878768496644,1.3620591531739836,1.357167324371799,-0.2261836322595526
NOR,Norway,European,High-income,43.6,33.4,25.6,13.5,34.2,100.0,100.0,100.0,0.0,0.0,6.30111,40.51976013183594,746.102294921875,761.410139568158,29.87390518188477,93072.890625,0.9639999866485596,0.91613281,82.8612877226956,18.0740226148213,True,True,0.3332847928901415,0.108126499292612,0.1199715560796782,-0.5113456659665118
NPL,Nepal,South-East Asia,Lower-middle-income,40.6,25.8,16.3,5.4,27.566666666666663,38.3,63.9,20.9,61.7,43.0,36.43171,5.040777206420898,130.92233276367188,131.58420831379485,3.51651668548584,1252.750732421875,0.5910000205039978,0.433174635,66.144235274522,6.11086985212219,True,True,-0.2129065590674486,-0.3331552221700294,-0.3298408876006405,0.5118367974251707
NRU,Nauru,Western Pacific,High-income,63.1,57.8,53.4,44.6,58.1,100.0,100.0,100.0,0.0,0.0,7.40486,12.228049278259276,368.1283264160156,370.7313665033605,22.93317413330078,14989.6650390625,,0.625177834,100.0,2.22060895930307,True,False,-0.4097916049765792,-0.3245382951665366,-0.3271633116681944,0.5174704760732652
NZL,New Zealand,Western Pacific,High-income,29.6,23.8,19.0,11.1,24.133333333333336,100.0,100.0,100.0,0.0,0.0,8.60929,34.630733489990234,719.3187866210938,732.2004784456673,29.518234252929688,49689.5,0.9359999895095824,0.849442499,83.8299382585905,16.0465779436973,True,True,0.0619258209937782,0.1432048119888794,0.1478824231310625,-0.532549449738664
OMN,Oman,Eastern Mediterranean,High-income,0.6,0.5,0.5,0.4,0.5333333333333333,100.0,100.0,100.0,0.0,0.0,34.88286,1.4898663759231567,39.25818634033203,39.5166369475696,2.0527639389038086,19403.4609375,,0.773391602,80.1239942103569,2.6159646291105,True,False,-0.0128126660757118,-0.0083266197975146,-0.0099498294167344,-0.2384852133731312
PAK,Pakistan,Eastern Mediterranean,Lower-middle-income,9.3,7.1,5.5,3.0,7.3,49.5,87.2,26.3,50.5,60.900000000000006,50.13067,1.551546931266785,48.77544021606445,49.46483837929363,4.730833053588867,1455.3192138671875,0.5370000004768372,0.504028689,37.9333395514173,4.05217393000066,True,True,0.0375625398751326,-0.011549638003641,-0.0080198019989792,0.6674566991289086
PAN,Panama,Americas,High-income,4.9,3.9,3.1,1.9,3.966666666666667,100.0,100.0,100.0,0.0,0.0,11.77915,3.684594869613647,75.71696472167969,77.25530299251959,5.765671730041504,15509.806640625,0.8130000233650208,0.708864828,65.8092302689169,8.50886165961516,True,True,-0.2982547354437956,-0.3293209864527704,-0.3286103888168978,-0.7518854735826523
PER,Peru,Americas,Upper-middle-income,13.6,9.3,6.4,2.6,9.766666666666666,86.5,95.8,51.9,13.5,43.9,29.06587,9.33683967590332,223.49710083007812,225.7897998605276,9.81794261932373,6826.20263671875,0.7549999952316284,0.662054037,83.9480118272361,8.75409226031146,True,True,-0.0029785133657967,0.0477651175700373,0.0456010818173368,-0.188350951419931
PHL,Philippines,Western Pacific,Lower-middle-income,15.2,11.5,8.7,4.5,11.8,54.0,74.8,33.6,46.0,41.2,22.45141,9.241971015930176,236.43463134765625,238.1428793566044,9.462828636169434,3484.385986328125,0.6919999718666077,0.651219329,54.4504102510776,4.8807304447929,True,True,0.0539454461738498,0.0730355078602602,0.0707998887920245,0.0025814780978913
PLW,Palau,Western Pacific,High-income,14.0,12.1,10.5,7.6,12.2,100.0,100.0,100.0,0.0,0.0,7.82424,64.49018096923828,1414.0728759765625,1426.3360957791172,46.64690780639648,13257.2060546875,,0.754046931,79.0890798782416,9.93645616600124,True,False,2.578295168407663,3.0697992611439204,3.039239092806412,-0.6643996621834375
PNG,Papua New Guinea,Western Pacific,Lower-middle-income,36.6,33.4,30.5,24.9,33.5,9.8,35.5,5.4,90.2,30.1,8.88558,4.085325717926025,111.0316925048828,112.21817752159356,10.07200527191162,2607.57861328125,0.5640000104904175,0.417797443,14.4398342822353,3.17095573548352,True,True,-0.3911693742199759,-0.5501391580221333,-0.5453312704407901,0.7251300327078459
POL,Poland,European,High-income,31.7,28.5,25.7,20.1,28.633333333333336,100.0,100.0,100.0,0.0,0.0,18.82808,42.27671432495117,913.9063720703124,925.0390286900454,24.38223648071289,18635.509765625,0.8759999871253967,0.812042809,59.8096513205543,18.5352368986876,True,True,0.6464648957375501,0.8144546265967347,0.8073837189359748,0.0058651501080455
PRI,Puerto Rico,Americas,High-income,,,,,,,,,,,,14.374865531921388,272.3963928222656,276.21871905233775,,32619.0703125,,0.825525847,94.0550712597302,23.2057721450506,False,False,,,,
PRK,Democratic People's Republic of Korea,South-East Asia,Low-income,0.0,0.0,0.0,0.0,0.0,12.1,18.9,0.8,87.9,18.1,41.46032,45.48320007324219,953.3445434570312,958.3100208869768,14.375171661376951,,,0.569854634,62.926560562457,11.2824977427361,True,False,,,,0.6943395016720958
PRT,Portugal,European,High-income,15.2,16.3,17.5,20.7,16.333333333333332,100.0,100.0,100.0,0.0,0.0,7.34244,20.537012100219727,420.4717712402344,425.4061923341429,9.14716339111328,24711.451171875,0.8650000095367432,0.744151851,61.0951249296597,23.2908706037669,True,True,-0.820469841418191,-0.8461107804874837,-0.8490777391588324,-0.2540577778797742
PRY,Paraguay,Americas,Upper-middle-income,14.5,10.7,8.0,3.9,11.066666666666668,69.35,86.6,41.6,30.65000000000001,44.99999999999999,12.30993,3.6930668354034415,91.06649017333984,92.44394612401254,7.070176124572754,5976.931640625,0.7300000190734863,0.635718099,67.3058612772421,6.18754097360006,True,True,-0.1077761080232701,-0.1499829000599085,-0.1482008088759361,-0.4005452124782594
PSE,occupied Palestinian territory,Eastern Mediterranean,Lower-middle-income,,,,,,,,,,,30.8191,3.9703967571258554,103.53910064697266,104.3481293167543,,3678.6357421875,,0.631011665,86.334956387337,3.63026654688014,False,False,,,,
QAT,Qatar,Eastern Mediterranean,High-income,2.6,2.4,2.2,1.9,2.4,100.0,100.0,100.0,0.0,0.0,59.03746,1.8322811126708984,46.07084655761719,46.63500451406821,6.978758335113525,71751.8828125,,0.846860584,99.203408908243,1.30386268899766,True,False,-0.0478800681354515,-0.0244552753535654,-0.0271384785275546,0.3971196965263668
ROU,Romania,European,High-income,25.5,24.1,22.9,20.3,24.166666666666668,100.0,100.0,100.0,0.0,0.0,13.30043,26.960906982421875,623.9888305664064,630.6828612885727,14.501853942871094,14986.78515625,0.824999988079071,0.768453864,52.2321512130811,19.3269658332554,True,True,-0.1896417447809812,-0.0165430392949509,-0.022746030219562,-0.12208662423319
RUS,Russian Federation,European,High-income,12.0,13.0,14.2,17.4,13.066666666666668,100.0,100.0,100.0,0.0,0.0,8.88468,13.605789184570312,309.7344970703125,313.7187377579746,8.785330772399902,12425.029296875,0.8180000185966492,0.808536005,74.7516840220252,15.7333987949149,True,True,-0.4440398805604063,-0.4372013791502966,-0.4367133209975176,-0.3228803015640317
RWA,Rwanda,African,Low-income,6.3,5.4,4.7,3.5,5.466666666666666,4.3,18.0,0.6,95.7,17.4,35.65776,1.6151819229125977,48.30534744262695,48.81086330624717,4.127192974090576,829.5448608398436,0.5389999747276306,0.435588706,26.1049092762833,3.60565799542652,True,True,0.023760103563934,0.01318025822174,0.0138942567211426,0.7357522186596887
SAU,Saudi Arabia,Eastern Mediterranean,High-income,3.6,3.1,2.7,2.0,3.1333333333333333,100.0,100.0,100.0,0.0,0.0,57.15638,1.4284849166870115,38.1577033996582,38.60828383582785,3.512593507766724,31920.765625,0.8669999837875366,0.815143493,83.9716349986538,2.61855430769317,True,True,-0.1084930380341526,-0.1028481829245423,-0.1042940325797792,0.3546062477901299
SDN,Sudan,Eastern Mediterranean,Low-income,,,,,,63.4,77.4,54.7,36.6,22.700000000000003,21.42613,0.9430528879165648,26.027143478393555,26.582370328643705,4.424827575683594,712.1220092773438,0.515999972820282,0.541949735,34.6421563427994,3.05363725791981,False,False,,,,
SEN,Senegal,African,Lower-middle-income,1.2,1.0,0.9,0.6,1.0333333333333334,30.7,55.0,7.3,69.3,47.7,38.21284,0.8357866406440735,28.161911010742188,28.61553223143938,3.873690605163574,1598.1068115234375,0.5120000243186951,0.408054193,52.2260292191155,3.54310568518721,True,True,-0.0155310852869885,-0.0136110998583784,-0.0132937779841958,0.4684365282765528
SGP,Singapore,Western Pacific,High-income,5.8,5.5,5.3,4.9,5.533333333333334,100.0,100.0,100.0,0.0,0.0,13.33302,17.673635482788086,386.1349182128906,393.6903144329423,15.800429344177246,80056.125,,0.856097766,100.0,12.258194216314,True,False,-0.3342023043844552,-0.2279755876446756,-0.225358704417793,-0.6174517234347573
SLB,Solomon Islands,Western Pacific,Lower-middle-income,26.6,24.6,22.8,19.4,24.666666666666668,8.6,34.8,1.1,91.4,33.7,7.8289,1.9223241806030271,58.7274284362793,60.19597014473861,11.155058860778809,1996.8697509765625,,0.429360316,28.6889396820578,3.65490567361425,True,False,-0.3905830817562564,-0.5573922805797684,-0.5496005063810446,0.5329671039464371
SLE,Sierra Leone,African,Low-income,10.2,8.1,6.6,3.9,8.299999999999999,0.8,1.4,0.0,99.2,1.4,39.4217,0.3585092723369598,11.669010162353516,12.048172271362263,3.044829607009888,886.1929321289062,0.4560000002384186,0.358665881,43.7345385973699,3.15159411173026,True,True,-0.0576970606543269,-0.1209739023461225,-0.1184245654023103,0.8714418586585357
SLV,El Salvador,Americas,Upper-middle-income,3.9,3.3,2.8,1.9,3.333333333333333,92.0,97.1,81.2,8.0,15.899999999999991,22.15224,4.913011074066162,103.57169342041016,105.52278446116472,7.678675174713135,4642.607421875,0.6690000295639038,0.563775188,73.6838531494141,7.76244342933013,True,True,-0.0286077708185274,-0.0741963752315894,-0.0717295964199875,-0.4281645657220495
SMR,San Marino,European,High-income,,,,,,100.0,100.0,100.0,0.0,0.0,9.84868,21.25851249694824,418.47894287109375,425.04606523118673,11.67405128479004,54168.984375,,0.888005474,97.1035668453272,20.3977149468508,False,False,,,,
SOM,Somalia,Eastern Mediterranean,Low-income,,,,,,3.7,6.4,0.4,96.3,6.0,14.27733,1.4116023778915403,40.89111709594727,41.10139344800192,2.015273094177246,549.11474609375,0.3610000014305115,0.077688109,52.9060649733324,2.5370971711291,False,False,,,,
SRB,Serbia,European,Upper-middle-income,39.1,38.9,39.1,39.1,39.03333333333333,79.5,91.3,64.3,20.5,27.0,21.73909,46.81939315795898,1116.9820556640625,1128.1675264262783,23.10849952697754,9680.5283203125,0.8040000200271606,0.792416294,61.363899230957,21.888601009739,True,True,0.5270905175213525,1.0009723004874949,0.9863292333873626,0.8720458420172942
SSD,South Sudan,African,Low-income,,,,,,0.0,0.0,0.0,100.0,0.0,20.18219,0.911211371421814,26.089439392089844,26.496193592866607,3.212923049926758,1080.147216796875,0.3810000121593475,0.278371125,20.4811115270532,2.76169313201629,False,False,,,,
STP,Sao Tome and Principe,African,Lower-middle-income,2.3,1.8,1.4,0.9,1.8333333333333333,3.5,4.4,0.8,96.5,3.6000000000000005,33.74991,5.034911155700684,151.15451049804688,152.10233258788216,7.440369129180908,2362.58837890625,0.609000027179718,0.505413747,68.1738967895508,3.83175422709395,True,True,0.1426517520928714,0.2825427690273861,0.277948273466404,0.6127509482380028
SUR,Suriname,Americas,Upper-middle-income,,,,,,94.6,97.5,90.5,5.400000000000006,7.0,12.17056,11.128458976745604,252.63592529296875,254.6011790076759,8.186955451965332,5029.84814453125,0.6890000104904175,0.633665739,65.9853973388672,7.164393360695,False,False,,,,
SVK,Slovakia,European,High-income,20.7,22.0,23.7,28.5,22.133333333333336,100.0,100.0,100.0,0.0,0.0,15.89146,22.898902893066406,491.923828125,497.7490437758727,12.52977180480957,22132.44921875,0.8519999980926514,0.81061053,53.1901479870605,17.1648882487724,True,True,-0.2439211387867281,-0.2273652441904173,-0.2304961945034447,0.2050975925742057
SVN,Slovenia,European,High-income,23.1,22.0,20.9,18.5,22.0,100.0,100.0,100.0,0.0,0.0,14.07638,42.21352767944336,879.3385009765625,890.1163773253368,20.36590003967285,29187.369140625,0.9160000085830688,0.842430731,55.3046289429588,20.4309073032618,True,True,0.5352086511071062,0.6452629675685214,0.6373480322474192,-0.1612131554912605
SWE,Sweden,European,High-income,35.7,27.8,21.7,11.9,28.4,100.0,100.0,100.0,0.0,0.0,5.95539,37.45182037353515,666.2825317382812,675.63301689603,19.11013984680176,61174.96875,0.9490000009536744,0.886880299,88.1741651958315,20.1967832299352,True,True,0.1133814427423713,-0.1616531328789876,-0.1634056225685557,-0.5713000858535073
SWZ,Eswatini,African,Lower-middle-income,3.7,2.7,2.0,1.0,2.8000000000000003,49.4,90.7,30.8,50.6,59.900000000000006,15.07308,1.544754147529602,52.40889739990234,53.884238975043,10.604281425476074,3966.298583984375,0.6119999885559082,0.585459713,25.0156180525173,3.92290361252568,True,True,-0.1317841535198932,-0.0774088925180135,-0.0767947055200457,-0.2484508558851724
SYC,Seychelles,African,High-income,9.1,8.1,7.2,5.6,8.133333333333333,100.0,100.0,100.0,0.0,0.0,16.95663,8.247639656066895,185.17576599121097,186.9510507131789,6.534588813781738,14982.9111328125,,0.730150775,44.6026796065539,7.89185892875292,True,False,-0.3139885172477122,-0.2197936576185984,-0.2260462245451794,-0.5067972170557496
SYR,Syrian Arab Republic,Eastern Mediterranean,Low-income,,,,,,92.4,98.9,91.9,7.599999999999994,7.0,25.14079,5.825285911560059,163.5479278564453,164.57022623758172,6.414451599121094,663.6142578125,0.5580000281333923,0.623004075,73.0125007629395,4.61846785630824,False,False,,,,
TCD,Chad,African,Low-income,3.3,2.8,2.3,1.6,2.7999999999999994,7.4,30.7,0.1,92.6,30.6,41.15263,0.4146235585212707,12.241251945495604,12.49078472657602,2.8329591751098637,946.3585205078124,0.3930000066757202,0.240436019,25.2312246423075,2.04727900320802,True,True,0.1155679437014406,0.0740616604803121,0.0752652337041025,0.7804235653376278
TGO,Togo,African,Low-income,1.3,1.0,0.9,0.5,1.0666666666666669,10.6,21.9,1.1,89.4,20.8,35.65757,0.4381218552589417,12.70047664642334,13.114650325968109,3.443824052810669,939.6134033203124,0.5450000166893005,0.408533695,42.3105904515122,3.07259371742261,True,True,0.0573998097291012,0.022733402648555,0.024413827446871,0.5827739687865192
THA,Thailand,South-East Asia,Upper-middle-income,3.2,2.7,2.2,1.5,2.7000000000000006,84.4,90.9,77.4,15.599999999999994,13.5,24.63927,20.81014442443848,455.0804138183594,461.1546208128767,15.64688777923584,7057.20751953125,0.796999990940094,0.682547933,58.5087776184082,13.4920297885888,True,True,0.2403164643435525,0.3666246857257061,0.3644646060324105,-0.3126428038744429
TJK,Tajikistan,European,Lower-middle-income,,,,,,84.8,98.4,79.8,15.200000000000005,18.60000000000001,53.64558,2.589667320251465,83.09662628173828,83.79399704743801,4.64017915725708,896.748046875,0.6769999861717224,0.541511187,26.1991525151375,3.33981193867687,False,False,,,,
TKL,Tokelau,Western Pacific,,,,,,,,,,,,,18.12651252746582,412.883056640625,,,,,0.686425621,,,False,False,,,,
TKM,Turkmenistan,European,Upper-middle-income,0.7,0.6,0.6,0.5,0.6333333333333333,99.9,99.9,99.9,0.0999999999999943,0.0,26.40925,3.5412709712982178,104.0526885986328,104.8993077196891,3.755047082901001,7051.2021484375,0.7400000095367432,0.682160776,47.0581410301711,3.88663013699789,True,True,0.2467423753015646,0.2113591921707956,0.2117943474708409,-0.4403908185763348
TLS,Timor-Leste,South-East Asia,Lower-middle-income,10.0,8.4,7.2,4.9,8.533333333333333,14.9,32.2,5.7,85.1,26.500000000000004,20.47387,4.3441996574401855,103.47958374023438,104.67267211468037,8.085492134094238,2684.826904296875,0.5740000009536743,0.444667619,28.7927371734472,5.48117841243695,True,True,0.0096691740593905,-0.0567024859949221,-0.0542337061584068,0.3169271416457666
TON,Tonga,Western Pacific,Upper-middle-income,13.7,14.1,14.4,15.5,14.066666666666665,85.2,94.6,82.2,14.799999999999995,12.399999999999991,7.52079,10.68076229095459,253.2491607666016,255.4822481422929,12.282086372375488,4912.57958984375,0.7379999756813049,0.626349936,21.258003897665,6.42196616724887,True,True,-0.0682208687579395,-0.0716087451482977,-0.0737704545834262,-0.2849488830417996
TTO,Trinidad and Tobago,Americas,High-income,,,,,,100.0,100.0,100.0,0.0,0.0,10.26482,7.689085960388184,172.33253479003906,173.94679037605377,4.792792797088623,17679.181640625,0.8040000200271606,0.768763254,53.9421278853848,10.9155131938691,False,False,,,,
TUN,Tunisia,Eastern Mediterranean,Lower-middle-income,4.4,3.5,2.7,1.6,3.5333333333333337,99.9,99.9,99.8,0.0999999999999943,0.1000000000000085,26.52402,5.240353584289551,125.30999755859376,126.29222754581264,3.498265266418457,3906.939208984375,0.7289999723434448,0.682432216,69.3997523770568,8.55788701156501,True,True,-0.1844399827488719,-0.1658460138845759,-0.1667995393333072,-0.4021605626141407
TUR,Türkiye,European,Upper-middle-income,14.7,15.7,16.8,19.8,15.733333333333334,95.3,99.6,83.9,4.700000000000003,15.699999999999989,23.25106,13.80827808380127,329.4829406738281,332.1330992611215,10.38957691192627,9743.212890625,0.8410000205039978,0.712692673,89.1762048153239,9.38495985854274,True,True,0.0927020356422399,0.1132391349440354,0.1096374412259802,0.1457531495696837
TUV,Tuvalu,Western Pacific,Upper-middle-income,27.5,25.2,23.1,19.1,25.26666666666667,75.0,96.0,42.1,25.0,53.9,6.80654,13.88291358947754,359.2380676269531,362.0797991423567,13.447656631469728,5905.08203125,0.652999997138977,0.576620529,62.6098296425994,5.75857163878942,True,True,-0.0207159550807941,0.0667601962055847,0.0626345189011578,-0.0951457116324255
TZA,United Republic of Tanzania,African,Lower-middle-income,3.1,2.6,2.1,1.3,2.6,6.9,17.1,1.7,93.1,15.400000000000002,15.36389,1.1941900253295898,33.560550689697266,34.01429792411299,4.202022552490234,1159.8565673828125,0.5289999842643738,0.446568273,34.3500111758619,3.02778931323895,True,True,0.0578056190248372,0.0432823105406363,0.043809565571863,0.1482187584570446
UGA,Uganda,African,Low-income,8.2,5.9,4.3,2.0,6.133333333333333,1.4,3.1,0.7,98.6,2.4000000000000004,31.31261,0.8160120248794556,25.22553825378418,25.642070883847417,5.516185283660889,882.7916870117188,0.5450000166893005,0.423261181,29.2362957789022,2.08577565298721,True,True,0.0915371354116431,0.0511621554776641,0.0527513227322935,0.6077051694038231
UKR,Ukraine,European,Upper-middle-income,14.1,13.4,12.8,11.5,13.433333333333332,95.3,99.1,87.8,4.700000000000003,11.299999999999995,13.50727,10.76949405670166,257.0096740722656,260.3391826918238,6.700392246246338,4775.94580078125,0.7549999952316284,0.760773913,69.4027032653896,17.3880676697975,True,True,-0.6487452306496417,-0.6602378543252532,-0.6576123019013267,-0.3585600235290281
URY,Uruguay,Americas,High-income,29.5,26.2,23.3,17.5,26.33333333333333,100.0,100.0,100.0,0.0,0.0,8.47571,28.057729721069336,647.5122680664064,653.6165567364702,15.555813789367676,17881.818359375,0.8140000104904175,0.719283445,95.4497146606445,15.4839800871112,True,True,0.1218496852487091,0.3668454114499137,0.3556594205322522,-0.3296019075329502
USA,United States of America,Americas,High-income,25.3,23.0,21.0,16.8,23.1,100.0,100.0,100.0,0.0,0.0,7.17987,37.74345397949219,742.6343383789062,757.8612968728424,32.50344467163086,71307.3984375,0.9210000038146972,0.862448354,80.0074765140272,16.4737700238047,True,True,0.4839691142890732,0.5211705956730273,0.5295490758440907,-0.3836606582697295
UZB,Uzbekistan,European,Lower-middle-income,1.4,1.3,1.2,1.0,1.3,80.7,97.6,71.8,19.3,25.8,40.97948,3.482344388961792,110.04450225830078,110.85573335526696,3.701844930648804,2258.51953125,0.7210000157356262,0.662621694,50.9269905090332,5.41000605498317,True,True,0.2240556554253,0.1834925012918051,0.1854375879917531,0.1016090894621432
VCT,Saint Vincent and the Grenadines,Americas,Upper-middle-income,,,,,,91.9,95.4,95.2,8.099999999999994,0.2000000000000028,9.41283,8.158809661865234,188.29660034179688,190.2677739874057,6.4705119132995605,8641.279296875,,0.637195963,47.4554100739049,10.966929531996,False,False,,,,
VEN,Venezuela (Bolivarian Republic of),Americas,,,,,,,94.55,97.3,83.4,5.450000000000003,13.899999999999991,16.21392,13.973526000976564,340.79327392578125,344.0358560070296,12.331428527832031,15943.6123046875,0.6899999976158142,0.596513059,89.1766444746891,8.63156214646269,False,False,,,,
VNM,Viet Nam,Western Pacific,Lower-middle-income,2.4,1.9,1.6,1.0,1.9666666666666668,95.9,98.5,95.0,4.099999999999994,3.5,20.8923,14.051995277404783,367.1763916015625,370.4065940161813,11.338139533996582,3704.193603515625,0.7179999947547913,0.627933721,36.6540656426603,7.88570347458642,True,True,0.2110507043557922,0.4028667812529983,0.3973243272272525,-0.5226585732938591
VUT,Vanuatu,Western Pacific,Lower-middle-income,,,,,,17.2,46.0,6.85,82.8,39.15,8.42148,1.521994709968567,47.99360656738281,48.87568646318362,7.517294883728027,3211.719482421875,0.6140000224113464,0.473100706,22.2501822422475,4.09620474158012,False,False,,,,
WSM,Samoa,Western Pacific,Upper-middle-income,23.1,20.2,17.8,13.3,20.366666666666664,36.6,64.45,29.9,63.4,34.550000000000004,7.77989,11.213470458984377,242.48272705078125,243.0828628722595,3.308155298233032,3947.645263671875,0.7080000042915344,0.593392769,17.5672426452007,5.42078501630188,True,True,-0.0261477268203071,-0.1237976948457419,-0.129246474498656,0.0849363677688378
YEM,Yemen,Eastern Mediterranean,Low-income,13.1,11.1,9.4,6.5,11.2,51.3,89.9,30.8,48.7,59.10000000000001,41.60944,2.0233654975891118,62.2950439453125,62.738997448676784,4.1949543952941895,633.88720703125,0.4250000119209289,0.450376375,36.0704951256305,2.5188817823842,True,True,0.2227218671671293,0.1489757253180461,0.1528309212277719,0.5569492848548833
ZAF,South Africa,African,Upper-middle-income,11.7,10.2,8.9,6.5,10.266666666666666,88.1,95.7,68.2,11.900000000000006,27.5,19.74802,10.407913208007812,244.0896148681641,246.362323113558,11.09911823272705,6843.3994140625,0.7210000157356262,0.679626598,63.4503925883909,6.23462554910074,True,True,-0.0009715934283119378,0.1148754922410027,0.1088757552290856,-0.3035516916045428
ZMB,Zambia,African,Lower-middle-income,5.7,4.8,4.0,2.7,4.833333333333333,10.9,21.3,2.3,89.1,19.0,16.8967,0.9137298464775084,28.041139602661133,28.58740332305342,6.251037120819092,1127.1607666015625,0.5649999976158142,0.505948954,44.2353731410926,1.82696220580829,True,True,0.1135133557565752,0.0842531003647203,0.0857264087753702,0.1948331805134774
ZWE,Zimbabwe,African,Lower-middle-income,2.9,2.2,1.6,0.8,2.233333333333333,30.3,78.1,6.8,69.7,71.3,13.07553,1.852077841758728,44.90275955200195,45.9944193228721,9.77342128753662,1724.3873291015625,0.5490000247955322,0.473819486,37.8692058859373,3.59797394603224,True,True,0.0100730040696647,0.0044560330715499,0.005690059113315,-0.1327148225036717
